symbol,n_days,coverage
AAL,1259,0.9992063492063492
AAPL,1259,0.9992063492063492
ABBV,1259,0.9992063492063492
ABC,1259,0.9992063492063492
ABT,1259,0.9992063492063492
ACN,1259,0.9992063492063492
ADM,1259,0.9992063492063492
AIG,1259,0.9992063492063492
AKAM,1259,0.9992063492063492
AMAT,1259,0.9992063492063492
AMGN,1259,0.9992063492063492
AMT,1259,0.9992063492063492
AMZN,1259,0.9992063492063492
ANTM,1259,0.9992063492063492
APA,1259,0.9992063492063492
ATVI,1259,0.9992063492063492
AVGO,1259,0.9992063492063492
AXP,1259,0.9992063492063492
BA,1259,0.9992063492063492
BAC,1259,0.9992063492063492
BAX,1259,0.9992063492063492
BBY,1259,0.9992063492063492
BIIB,1259,0.9992063492063492
BK,1259,0.9992063492063492
BMY,1259,0.9992063492063492
C,1259,0.9992063492063492
CAH,1259,0.9992063492063492
CAT,1259,0.9992063492063492
CF,1259,0.9992063492063492
CHTR,1259,0.9992063492063492
CI,1259,0.9992063492063492
CL,1259,0.9992063492063492
CMCSA,1259,0.9992063492063492
CME,1259,0.9992063492063492
CMG,1259,0.9992063492063492
COF,1259,0.9992063492063492
COP,1259,0.9992063492063492
COST,1259,0.9992063492063492
CRM,1259,0.9992063492063492
CSCO,1259,0.9992063492063492
CVS,1259,0.9992063492063492
CVX,1259,0.9992063492063492
DAL,1259,0.9992063492063492
DE,1259,0.9992063492063492
DFS,1259,0.9992063492063492
DG,1259,0.9992063492063492
DHI,1259,0.9992063492063492
DIS,1259,0.9992063492063492
DVN,1259,0.9992063492063492
EA,1259,0.9992063492063492
EBAY,1259,0.9992063492063492
EOG,1259,0.9992063492063492
ETN,1259,0.9992063492063492
EXPE,1259,0.9992063492063492
F,1259,0.9992063492063492
FB,1259,0.9992063492063492
FCX,1259,0.9992063492063492
FDX,1259,0.9992063492063492
FFIV,1259,0.9992063492063492
FOXA,1259,0.9992063492063492
GILD,1259,0.9992063492063492
GLW,1259,0.9992063492063492
GM,1259,0.9992063492063492
GOOG,1259,0.9992063492063492
GOOGL,1259,0.9992063492063492
GPS,1259,0.9992063492063492
GS,1259,0.9992063492063492
HAL,1259,0.9992063492063492
HCA,1259,0.9992063492063492
HD,1259,0.9992063492063492
HES,1259,0.9992063492063492
HIG,1259,0.9992063492063492
HPQ,1259,0.9992063492063492
HSY,1259,0.9992063492063492
HUM,1259,0.9992063492063492
IBM,1259,0.9992063492063492
ILMN,1259,0.9992063492063492
INTC,1259,0.9992063492063492
IP,1259,0.9992063492063492
ISRG,1259,0.9992063492063492
JNJ,1259,0.9992063492063492
JNPR,1259,0.9992063492063492
JPM,1259,0.9992063492063492
KMI,1259,0.9992063492063492
KO,1259,0.9992063492063492
LLY,1259,0.9992063492063492
LMT,1259,0.9992063492063492
LOW,1259,0.9992063492063492
LUV,1259,0.9992063492063492
MA,1259,0.9992063492063492
MAR,1259,0.9992063492063492
MCD,1259,0.9992063492063492
MCK,1259,0.9992063492063492
MDLZ,1259,0.9992063492063492
MDT,1259,0.9992063492063492
MET,1259,0.9992063492063492
MMM,1259,0.9992063492063492
MNST,1259,0.9992063492063492
MO,1259,0.9992063492063492
MOS,1259,0.9992063492063492
MPC,1259,0.9992063492063492
MRK,1259,0.9992063492063492
MRO,1259,0.9992063492063492
MS,1259,0.9992063492063492
MSFT,1259,0.9992063492063492
MU,1259,0.9992063492063492
NEM,1259,0.9992063492063492
NFLX,1259,0.9992063492063492
NKE,1259,0.9992063492063492
NSC,1259,0.9992063492063492
NTAP,1259,0.9992063492063492
NUE,1259,0.9992063492063492
NVDA,1259,0.9992063492063492
OKE,1259,0.9992063492063492
ORCL,1259,0.9992063492063492
PEP,1259,0.9992063492063492
PFE,1259,0.9992063492063492
PG,1259,0.9992063492063492
PHM,1259,0.9992063492063492
PM,1259,0.9992063492063492
PSX,1259,0.9992063492063492
PXD,1259,0.9992063492063492
PYPL,1259,0.9992063492063492
QCOM,1259,0.9992063492063492
SBUX,1259,0.9992063492063492
SCHW,1259,0.9992063492063492
SLB,1259,0.9992063492063492
STX,1259,0.9992063492063492
SWKS,1259,0.9992063492063492
SYF,1259,0.9992063492063492
T,1259,0.9992063492063492
TAP,1259,0.9992063492063492
TGT,1259,0.9992063492063492
TSN,1259,0.9992063492063492
TXN,1259,0.9992063492063492
UAA,1259,0.9992063492063492
UAL,1259,0.9992063492063492
ULTA,1259,0.9992063492063492
UNH,1259,0.9992063492063492
UNP,1259,0.9992063492063492
UPS,1259,0.9992063492063492
URI,1259,0.9992063492063492
USB,1259,0.9992063492063492
V,1259,0.9992063492063492
VLO,1259,0.9992063492063492
VRTX,1259,0.9992063492063492
VZ,1259,0.9992063492063492
WBA,1259,0.9992063492063492
WDC,1259,0.9992063492063492
WFC,1259,0.9992063492063492
WHR,1259,0.9992063492063492
WMB,1259,0.9992063492063492
WMT,1259,0.9992063492063492
WY,1259,0.9992063492063492
WYNN,1259,0.9992063492063492
XLNX,1259,0.9992063492063492
XOM,1259,0.9992063492063492
YUM,1259,0.9992063492063492
GE,1258,0.9984126984126984
OXY,1258,0.9984126984126984
UA,1258,0.9984126984126984
NOC,1255,0.996031746031746
REGN,1255,0.996031746031746
KEY,1254,0.9952380952380953
HPE,1253,0.9944444444444445
CCL,1252,0.9936507936507937
DLTR,1250,0.9920634920634921
CTSH,1249,0.9912698412698413
HAS,1249,0.9912698412698413
EW,1246,0.9888888888888889
KSU,1246,0.9888888888888889
CSX,1242,0.9857142857142858
BSX,1235,0.9801587301587301
CMI,1225,0.9722222222222222
ADBE,1224,0.9714285714285714
KMX,1224,0.9714285714285714
KR,1220,0.9682539682539683
TSCO,1216,0.9650793650793651
AZO,1214,0.9634920634920635
ADSK,1212,0.9619047619047619
DISH,1211,0.9611111111111111
ADP,1207,0.957936507936508
AMD,1207,0.957936507936508
LYB,1206,0.9571428571428572
LRCX,1202,0.953968253968254
COG,1196,0.9492063492063492
RCL,1195,0.9484126984126984
EMR,1194,0.9476190476190476
HON,1194,0.9476190476190476
ZTS,1193,0.9468253968253968
NOV,1186,0.9412698412698413
ITW,1184,0.9396825396825397
KMB,1183,0.9388888888888889
AFL,1182,0.9380952380952381
GD,1182,0.9380952380952381
VFC,1182,0.9380952380952381
BLK,1181,0.9373015873015873
PPG,1179,0.9357142857142857
HRL,1177,0.9341269841269841
SYY,1177,0.9341269841269841
CLX,1174,0.9317460317460318
STZ,1173,0.930952380952381
ADI,1170,0.9285714285714286
BDX,1169,0.9277777777777778
SPGI,1169,0.9277777777777778
SO,1167,0.9261904761904762
ED,1165,0.9246031746031746
PNC,1154,0.9158730158730158
SWK,1152,0.9142857142857143
RL,1148,0.9111111111111111
CBOE,1147,0.9103174603174603
CPB,1146,0.9095238095238095
MGM,1139,0.903968253968254
ALGN,1136,0.9015873015873016
ALXN,1127,0.8944444444444445
NRG,1116,0.8857142857142857
EFX,1096,0.8698412698412699
GWW,1079,0.8563492063492063
KHC,1074,0.8523809523809524
CTXS,1072,0.8507936507936508
INTU,1070,0.8492063492063492
MCHP,1065,0.8452380952380952
GRMN,1064,0.8444444444444444
JCI,1064,0.8444444444444444
LB,1057,0.8388888888888889
SHW,1056,0.8380952380952381
TROW,1055,0.8373015873015873
PRGO,1049,0.8325396825396826
GPC,1046,0.8301587301587302
LEN,1046,0.8301587301587302
TPR,1046,0.8301587301587302
ECL,1044,0.8285714285714286
CAG,1038,0.8238095238095238
KLAC,1021,0.8103174603174603
CNC,1020,0.8095238095238095
TIF,1011,0.8023809523809524
ROST,1003,0.796031746031746
VRSN,994,0.7888888888888889
DOV,989,0.7849206349206349
MYL,976,0.7746031746031746
TJX,972,0.7714285714285715
BKNG,970,0.7698412698412699
CNP,966,0.7666666666666667
DVA,964,0.765079365079365
FISV,958,0.7603174603174603
TTWO,956,0.7587301587301587
ETFC,944,0.7492063492063492
HBI,940,0.746031746031746
COTY,935,0.7420634920634921
IFF,935,0.7420634920634921
KSS,935,0.7420634920634921
FTV,930,0.7380952380952381
MHK,921,0.7309523809523809
ICE,916,0.726984126984127
FIS,915,0.7261904761904762
NLSN,902,0.7158730158730159
LKQ,901,0.7150793650793651
TWTR,900,0.7142857142857143
STT,895,0.7103174603174603
AEP,894,0.7095238095238096
QRVO,894,0.7095238095238096
CHRW,892,0.707936507936508
RF,892,0.707936507936508
APD,891,0.7071428571428572
NEE,891,0.7071428571428572
K,890,0.7063492063492064
NWL,887,0.703968253968254
PRU,887,0.703968253968254
AAP,886,0.7031746031746031
DHR,886,0.7031746031746031
FITB,886,0.7031746031746031
VMC,886,0.7031746031746031
PLD,884,0.7015873015873015
TMO,884,0.7015873015873015
AVY,883,0.7007936507936507
BXP,883,0.7007936507936507
BLL,882,0.7
FAST,882,0.7
A,881,0.6992063492063492
BWA,881,0.6992063492063492
CERN,880,0.6984126984126984
DGX,880,0.6984126984126984
TDG,880,0.6984126984126984
IDXX,878,0.6968253968253968
NCLH,877,0.696031746031746
ALB,876,0.6952380952380952
HOLX,876,0.6952380952380952
O,876,0.6952380952380952
PAYX,876,0.6952380952380952
PVH,876,0.6952380952380952
TXT,875,0.6944444444444444
CTAS,874,0.6936507936507936
CTL,873,0.6928571428571428
MLM,873,0.6928571428571428
HOG,872,0.692063492063492
PGR,872,0.692063492063492
FMC,871,0.6912698412698413
ORLY,870,0.6904761904761905
PCAR,870,0.6904761904761905
UHS,869,0.6896825396825397
GPN,868,0.6888888888888889
ZBH,867,0.6880952380952381
MCO,866,0.6873015873015873
SYK,866,0.6873015873015873
WRK,866,0.6873015873015873
INCY,865,0.6865079365079365
EIX,864,0.6857142857142857
EXPD,864,0.6857142857142857
CB,862,0.6841269841269841
DOW,862,0.6841269841269841
DXC,862,0.6841269841269841
VTR,862,0.6841269841269841
JBHT,860,0.6825396825396826
COO,859,0.6817460317460318
IR,859,0.6817460317460318
IRM,859,0.6817460317460318
SPG,859,0.6817460317460318
ROK,858,0.680952380952381
CFG,857,0.6801587301587302
WU,857,0.6801587301587302
DISCK,856,0.6793650793650794
EMN,856,0.6793650793650794
LH,856,0.6793650793650794
EQIX,854,0.6777777777777778
VRSK,854,0.6777777777777778
EL,852,0.6761904761904762
PH,852,0.6761904761904762
PSA,852,0.6761904761904762
LEG,851,0.6753968253968254
MTD,851,0.6753968253968254
SEE,851,0.6753968253968254
DISCA,850,0.6746031746031746
PWR,850,0.6746031746031746
WM,850,0.6746031746031746
AMP,849,0.6738095238095239
DUK,849,0.6738095238095239
IPG,849,0.6738095238095239
IVZ,848,0.6730158730158731
WAT,848,0.6730158730158731
HBAN,847,0.6722222222222223
CMA,846,0.6714285714285714
MSI,846,0.6714285714285714
NDAQ,846,0.6714285714285714
FBHS,845,0.6706349206349206
ESS,844,0.6698412698412698
AES,843,0.669047619047619
AGN,843,0.669047619047619
AIZ,843,0.669047619047619
ANET,843,0.669047619047619
EXC,843,0.669047619047619
APH,842,0.6682539682539682
WLTW,842,0.6682539682539682
ALL,841,0.6674603174603174
BEN,840,0.6666666666666666
LNC,840,0.6666666666666666
NTRS,840,0.6666666666666666
NWSA,840,0.6666666666666666
AON,839,0.6658730158730158
AVB,839,0.6658730158730158
CHD,839,0.6658730158730158
DLR,839,0.6658730158730158
HST,839,0.6658730158730158
SNPS,839,0.6658730158730158
SRE,839,0.6658730158730158
ZION,839,0.6658730158730158
MKC,838,0.665079365079365
VNO,838,0.665079365079365
DRI,837,0.6642857142857143
DTE,837,0.6642857142857143
HSIC,837,0.6642857142857143
MTB,837,0.6642857142857143
RSG,837,0.6642857142857143
SJM,837,0.6642857142857143
SNA,837,0.6642857142857143
XYL,837,0.6642857142857143
D,832,0.6603174603174603
FE,832,0.6603174603174603
XEL,832,0.6603174603174603
FRT,830,0.6587301587301587
PBCT,830,0.6587301587301587
PNR,830,0.6587301587301587
ROP,830,0.6587301587301587
ALK,829,0.6579365079365079
AJG,828,0.6571428571428571
CCI,828,0.6571428571428571
EQR,828,0.6571428571428571
ES,828,0.6571428571428571
GIS,828,0.6571428571428571
KIM,828,0.6571428571428571
LNT,828,0.6571428571428571
MAS,828,0.6571428571428571
MMC,828,0.6571428571428571
NI,828,0.6571428571428571
NWS,828,0.6571428571428571
OMC,828,0.6571428571428571
PFG,828,0.6571428571428571
PNW,828,0.6571428571428571
PPL,828,0.6571428571428571
TEL,828,0.6571428571428571
TRV,828,0.6571428571428571
UDR,828,0.6571428571428571
WEC,828,0.6571428571428571
XRAY,828,0.6571428571428571
L,827,0.6563492063492063
AWK,825,0.6547619047619048
EXR,825,0.6547619047619048
FOX,825,0.6547619047619048
AEE,824,0.653968253968254
ALLE,824,0.653968253968254
AME,824,0.653968253968254
CINF,824,0.653968253968254
CMS,824,0.653968253968254
ETR,824,0.653968253968254
MAA,824,0.653968253968254
PEG,824,0.653968253968254
PKI,824,0.653968253968254
RHI,824,0.653968253968254
DD,820,0.6507936507936508
ANSS,819,0.65
M,819,0.65
UTX,818,0.6492063492063492
REG,810,0.6428571428571429
RJF,809,0.6420634920634921
CXO,797,0.6325396825396825
ARE,794,0.6301587301587301
HLT,787,0.6246031746031746
IT,784,0.6222222222222222
PKG,779,0.6182539682539683
INFO,776,0.6158730158730159
RMD,776,0.6158730158730159
UNM,775,0.6150793650793651
AOS,770,0.6111111111111112
RE,764,0.6063492063492063
HFC,752,0.5968253968253968
TRIP,748,0.5936507936507937
DRE,746,0.5920634920634921
JWN,745,0.5912698412698413
CDNS,742,0.5888888888888889
FLIR,742,0.5888888888888889
CBS,736,0.5841269841269842
VIAB,736,0.5841269841269842
IQV,730,0.5793650793650794
SBAC,730,0.5793650793650794
CELG,727,0.5769841269841269
VAR,726,0.5761904761904761
XRX,718,0.5698412698412698
SYMC,715,0.5674603174603174
RTN,714,0.5666666666666667
APTV,710,0.5634920634920635
FLS,710,0.5634920634920635
SLG,702,0.5571428571428572
FTI,686,0.5444444444444444
MSCI,679,0.5388888888888889
ARNC,677,0.5373015873015873
HII,672,0.5333333333333333
WELL,672,0.5333333333333333
IPGP,671,0.5325396825396825
ADS,668,0.5301587301587302
SIVB,659,0.523015873015873
NBL,657,0.5214285714285715
AIV,654,0.5190476190476191
APC,654,0.5190476190476191
CPRT,649,0.515079365079365
ABMD,642,0.5095238095238095
FLT,636,0.5047619047619047
RHT,632,0.5015873015873016
CBRE,628,0.4984126984126984
TMUS,624,0.49523809523809526
EVRG,620,0.49206349206349204
HRB,618,0.49047619047619045
MAT,610,0.48412698412698413
FLR,606,0.48095238095238096
BR,592,0.46984126984126984
HP,583,0.4626984126984127
FTNT,573,0.45476190476190476
KEYS,567,0.45
LVS,567,0.45
FANG,555,0.44047619047619047
GT,540,0.42857142857142855
ROL,539,0.42777777777777776
LIN,537,0.4261904761904762
LW,536,0.4253968253968254
NOW,532,0.4222222222222222
XEC,531,0.42142857142857143
TFX,530,0.42063492063492064
MAC,529,0.41984126984126985
JKHY,524,0.4158730158730159
CE,517,0.4103174603174603
FL,515,0.4087301587301587
VIAC,509,0.403968253968254
FRC,508,0.4031746031746032
BBT,507,0.4023809523809524
KORS,502,0.3984126984126984
WAB,499,0.396031746031746
ESRX,496,0.39365079365079364
JEC,488,0.3873015873015873
STI,488,0.3873015873015873
AMG,485,0.38492063492063494
MXIM,483,0.38333333333333336
AET,481,0.3817460317460317
HCP,477,0.37857142857142856
ATO,468,0.37142857142857144
CTVA,468,0.37142857142857144
LHX,466,0.36984126984126986
MKTX,452,0.35873015873015873
TSS,452,0.35873015873015873
PCG,441,0.35
DWDP,436,0.346031746031746
TMK,433,0.34365079365079365
RTX,431,0.34206349206349207
LDOS,417,0.33095238095238094
AMCR,415,0.32936507936507936
HRS,414,0.32857142857142857
LLL,413,0.3277777777777778
DPZ,411,0.3261904761904762
IEX,405,0.32142857142857145
GL,397,0.31507936507936507
NKTR,389,0.30873015873015874
PX,385,0.3055555555555556
NLOK,384,0.3047619047619048
BHGE,382,0.30317460317460315
CDW,382,0.30317460317460315
TFC,369,0.29285714285714287
TWX,366,0.2904761904761905
NFX,363,0.28809523809523807
PEAK,360,0.2857142857142857
BKR,359,0.2849206349206349
MON,359,0.2849206349206349
LYV,356,0.28253968253968254
ZBRA,354,0.28095238095238095
J,351,0.2785714285714286
ODFL,351,0.2785714285714286
SCG,351,0.2785714285714286
SRCL,350,0.2777777777777778
CPRI,346,0.2746031746031746
PAYC,343,0.2722222222222222
WRB,340,0.2698412698412698
STE,339,0.26904761904761904
TT,332,0.2634920634920635
EQT,328,0.26031746031746034
ETSY,324,0.2571428571428571
COL,323,0.2563492063492063
CA,317,0.2515873015873016
GGP,310,0.24603174603174602
HWM,309,0.24523809523809523
LUMN,306,0.24285714285714285
CHK,303,0.24047619047619048
CARR,298,0.2365079365079365
DXCM,297,0.2357142857142857
BHF,295,0.23412698412698413
ANDV,294,0.23333333333333334
EVHC,292,0.23174603174603176
PCLN,289,0.22936507936507936
OTIS,287,0.22777777777777777
XL,282,0.22380952380952382
VTRS,278,0.22063492063492063
WST,273,0.21666666666666667
RRC,270,0.21428571428571427
DPS,263,0.20873015873015874
TSLA,260,0.20634920634920634
BIO,258,0.20476190476190476
TDY,258,0.20476190476190476
TYL,258,0.20476190476190476
WYN,248,0.19682539682539682
AYI,243,0.19285714285714287
NAVI,238,0.18888888888888888
LUK,234,0.18571428571428572
ENPH,233,0.18492063492063493
JEF,233,0.18492063492063493
WCG,228,0.18095238095238095
POOL,216,0.17142857142857143
CTLT,210,0.16666666666666666
TER,210,0.16666666666666666
COH,209,0.16587301587301587
SIG,205,0.1626984126984127
CSRA,202,0.16031746031746033
PDCO,200,0.15873015873015872
CZR,199,0.15793650793650793
NXPI,199,0.15793650793650793
PENN,199,0.15793650793650793
CBG,196,0.15555555555555556
HCN,194,0.15396825396825398
SNI,187,0.1484126984126984
DLPH,180,0.14285714285714285
SPLS,175,0.1388888888888889
BCR,166,0.13174603174603175
WFM,165,0.13095238095238096
MPWR,162,0.12857142857142856
TRMB,159,0.1261904761904762
GNRC,146,0.11587301587301588
TSO,145,0.11507936507936507
LVLT,130,0.10317460317460317
PTC,128,0.10158730158730159
BHI,126,0.1
BBBY,120,0.09523809523809523
MNK,120,0.09523809523809523
RIG,120,0.09523809523809523
CRL,115,0.09126984126984126
YHOO,115,0.09126984126984126
MRNA,114,0.09047619047619047
BBWI,105,0.08333333333333333
AN,103,0.08174603174603175
OGN,91,0.07222222222222222
MUR,81,0.06428571428571428
RAI,81,0.06428571428571428
R,76,0.06031746031746032
TDC,76,0.06031746031746032
MJN,75,0.05952380952380952
VNT,75,0.05952380952380952
MTCH,73,0.05793650793650794
TGNA,71,0.05634920634920635
CTRA,57,0.04523809523809524
TECH,56,0.044444444444444446
FSLR,52,0.04126984126984127
URBN,52,0.04126984126984127
BRO,49,0.03888888888888889
CDAY,49,0.03888888888888889
Q,44,0.03492063492063492
DNB,41,0.03253968253968254
ENDP,40,0.031746031746031744
SWN,40,0.031746031746031744
FTR,35,0.027777777777777776
LLTC,34,0.026984126984126985
HAR,33,0.02619047619047619
PBI,29,0.023015873015873017
SE,29,0.023015873015873017
EPAM,9,0.007142857142857143
FDS,6,0.004761904761904762
SBNY,6,0.004761904761904762
SEDG,6,0.004761904761904762
KD,4,0.0031746031746031746
VSCO,4,0.0031746031746031746
STJ,2,0.0015873015873015873
