symbol,eligible_year
ACWI,2011
ACWI,2012
ACWI,2013
ACWI,2014
ACWI,2015
ACWI,2016
ACWI,2017
ACWI,2018
ACWI,2019
ACWI,2020
ACWI,2021
ACWI,2022
ACWI,2023
ACWI,2024
ACWI,2025
ACWI,2026
ACWX,2013
ACWX,2014
ACWX,2015
ACWX,2016
ACWX,2017
ACWX,2018
ACWX,2019
ACWX,2020
ACWX,2021
ACWX,2022
ACWX,2023
ACWX,2024
ACWX,2025
ACWX,2026
AGG,2007
AGG,2008
AGG,2009
AGG,2010
AGG,2011
AGG,2012
AGG,2013
AGG,2014
AGG,2015
AGG,2016
AGG,2017
AGG,2018
AGG,2019
AGG,2020
AGG,2021
AGG,2022
AGG,2023
AGG,2024
AGG,2025
AGG,2026
BIL,2010
BIL,2011
BIL,2012
BIL,2013
BIL,2014
BIL,2015
BIL,2016
BIL,2017
BIL,2018
BIL,2019
BIL,2020
BIL,2021
BIL,2022
BIL,2023
BIL,2024
BIL,2025
BIL,2026
BND,2009
BND,2010
BND,2011
BND,2012
BND,2013
BND,2014
BND,2015
BND,2016
BND,2017
BND,2018
BND,2019
BND,2020
BND,2021
BND,2022
BND,2023
BND,2024
BND,2025
BND,2026
BNDX,2015
BNDX,2016
BNDX,2017
BNDX,2018
BNDX,2019
BNDX,2020
BNDX,2021
BNDX,2022
BNDX,2023
BNDX,2024
BNDX,2025
BNDX,2026
DBA,2009
DBA,2010
DBA,2011
DBA,2012
DBA,2013
DBA,2014
DBA,2015
DBA,2017
DBA,2018
DBA,2019
DBA,2022
DBA,2023
DBA,2024
DBA,2025
DBC,2009
DBC,2010
DBC,2011
DBC,2012
DBC,2013
DBC,2014
DBC,2015
DBC,2016
DBC,2017
DBC,2018
DBC,2019
DBC,2020
DBC,2021
DBC,2022
DBC,2023
DBC,2024
DBC,2025
DBC,2026
DIA,2007
DIA,2008
DIA,2009
DIA,2010
DIA,2011
DIA,2012
DIA,2013
DIA,2014
DIA,2015
DIA,2016
DIA,2017
DIA,2018
DIA,2019
DIA,2020
DIA,2021
DIA,2022
DIA,2023
DIA,2024
DIA,2025
DIA,2026
DVY,2007
DVY,2008
DVY,2009
DVY,2010
DVY,2011
DVY,2012
DVY,2013
DVY,2014
DVY,2015
DVY,2016
DVY,2017
DVY,2018
DVY,2019
DVY,2020
DVY,2021
DVY,2022
DVY,2023
DVY,2024
DVY,2025
DVY,2026
EEM,2007
EEM,2008
EEM,2009
EEM,2010
EEM,2011
EEM,2012
EEM,2013
EEM,2014
EEM,2015
EEM,2016
EEM,2017
EEM,2018
EEM,2019
EEM,2020
EEM,2021
EEM,2022
EEM,2023
EEM,2024
EEM,2025
EEM,2026
EFA,2007
EFA,2008
EFA,2009
EFA,2010
EFA,2011
EFA,2012
EFA,2013
EFA,2014
EFA,2015
EFA,2016
EFA,2017
EFA,2018
EFA,2019
EFA,2020
EFA,2021
EFA,2022
EFA,2023
EFA,2024
EFA,2025
EFA,2026
EMB,2011
EMB,2012
EMB,2013
EMB,2014
EMB,2015
EMB,2016
EMB,2017
EMB,2018
EMB,2019
EMB,2020
EMB,2021
EMB,2022
EMB,2023
EMB,2024
EMB,2025
EMB,2026
EWA,2008
EWA,2009
EWA,2010
EWA,2011
EWA,2012
EWA,2013
EWA,2014
EWA,2015
EWA,2016
EWA,2017
EWA,2018
EWA,2019
EWA,2020
EWA,2021
EWA,2022
EWA,2023
EWA,2024
EWA,2025
EWA,2026
EWC,2007
EWC,2008
EWC,2009
EWC,2010
EWC,2011
EWC,2012
EWC,2013
EWC,2014
EWC,2015
EWC,2016
EWC,2017
EWC,2018
EWC,2019
EWC,2020
EWC,2021
EWC,2022
EWC,2023
EWC,2024
EWC,2025
EWC,2026
EWG,2007
EWG,2008
EWG,2009
EWG,2010
EWG,2011
EWG,2012
EWG,2013
EWG,2014
EWG,2015
EWG,2016
EWG,2017
EWG,2018
EWG,2019
EWG,2020
EWG,2021
EWG,2022
EWG,2023
EWG,2024
EWG,2025
EWG,2026
EWH,2007
EWH,2008
EWH,2009
EWH,2010
EWH,2011
EWH,2012
EWH,2013
EWH,2014
EWH,2015
EWH,2016
EWH,2017
EWH,2018
EWH,2019
EWH,2020
EWH,2021
EWH,2022
EWH,2023
EWH,2024
EWH,2025
EWH,2026
EWI,2009
EWI,2014
EWI,2015
EWI,2016
EWI,2017
EWI,2018
EWI,2019
EWI,2020
EWI,2021
EWI,2022
EWI,2023
EWI,2024
EWI,2025
EWI,2026
EWJ,2007
EWJ,2008
EWJ,2009
EWJ,2010
EWJ,2011
EWJ,2012
EWJ,2013
EWJ,2014
EWJ,2015
EWJ,2016
EWJ,2017
EWJ,2018
EWJ,2019
EWJ,2020
EWJ,2021
EWJ,2022
EWJ,2023
EWJ,2024
EWJ,2025
EWJ,2026
EWL,2014
EWL,2015
EWL,2016
EWL,2017
EWL,2018
EWL,2019
EWL,2020
EWL,2021
EWL,2022
EWL,2023
EWL,2024
EWL,2025
EWL,2026
EWP,2008
EWP,2009
EWP,2011
EWP,2012
EWP,2013
EWP,2014
EWP,2015
EWP,2016
EWP,2017
EWP,2018
EWP,2019
EWP,2020
EWP,2021
EWP,2022
EWP,2023
EWP,2024
EWP,2025
EWP,2026
EWQ,2009
EWQ,2013
EWQ,2014
EWQ,2015
EWQ,2016
EWQ,2017
EWQ,2018
EWQ,2019
EWQ,2020
EWQ,2021
EWQ,2022
EWQ,2023
EWQ,2024
EWQ,2025
EWQ,2026
EWT,2007
EWT,2008
EWT,2009
EWT,2010
EWT,2011
EWT,2012
EWT,2013
EWT,2014
EWT,2015
EWT,2016
EWT,2017
EWT,2018
EWT,2019
EWT,2020
EWT,2021
EWT,2022
EWT,2023
EWT,2024
EWT,2025
EWT,2026
EWU,2008
EWU,2009
EWU,2010
EWU,2011
EWU,2012
EWU,2013
EWU,2014
EWU,2015
EWU,2016
EWU,2017
EWU,2018
EWU,2019
EWU,2020
EWU,2021
EWU,2022
EWU,2023
EWU,2024
EWU,2025
EWU,2026
EWW,2007
EWW,2008
EWW,2009
EWW,2010
EWW,2011
EWW,2012
EWW,2013
EWW,2014
EWW,2015
EWW,2016
EWW,2017
EWW,2018
EWW,2019
EWW,2020
EWW,2021
EWW,2022
EWW,2023
EWW,2024
EWW,2025
EWW,2026
EWY,2007
EWY,2008
EWY,2009
EWY,2010
EWY,2011
EWY,2012
EWY,2013
EWY,2014
EWY,2015
EWY,2016
EWY,2017
EWY,2018
EWY,2019
EWY,2020
EWY,2021
EWY,2022
EWY,2023
EWY,2024
EWY,2025
EWY,2026
EWZ,2007
EWZ,2008
EWZ,2009
EWZ,2010
EWZ,2011
EWZ,2012
EWZ,2013
EWZ,2014
EWZ,2015
EWZ,2016
EWZ,2017
EWZ,2018
EWZ,2019
EWZ,2020
EWZ,2021
EWZ,2022
EWZ,2023
EWZ,2024
EWZ,2025
EWZ,2026
EZA,2007
EZA,2008
EZA,2009
EZA,2010
EZA,2011
EZA,2012
EZA,2013
EZA,2014
EZA,2015
EZA,2016
EZA,2017
EZA,2018
EZA,2019
EZA,2020
EZA,2021
EZA,2022
EZA,2023
EZA,2026
FXB,2009
FXB,2010
FXB,2011
FXB,2017
FXB,2018
FXE,2007
FXE,2008
FXE,2009
FXE,2010
FXE,2011
FXE,2012
FXE,2013
FXE,2014
FXE,2015
FXE,2016
FXE,2017
FXE,2018
FXE,2019
FXE,2020
FXE,2021
FXE,2023
FXE,2026
FXI,2007
FXI,2008
FXI,2009
FXI,2010
FXI,2011
FXI,2012
FXI,2013
FXI,2014
FXI,2015
FXI,2016
FXI,2017
FXI,2018
FXI,2019
FXI,2020
FXI,2021
FXI,2022
FXI,2023
FXI,2024
FXI,2025
FXI,2026
FXY,2008
FXY,2009
FXY,2010
FXY,2011
FXY,2012
FXY,2013
FXY,2014
FXY,2015
FXY,2016
FXY,2017
FXY,2018
FXY,2019
FXY,2020
FXY,2025
FXY,2026
GLD,2007
GLD,2008
GLD,2009
GLD,2010
GLD,2011
GLD,2012
GLD,2013
GLD,2014
GLD,2015
GLD,2016
GLD,2017
GLD,2018
GLD,2019
GLD,2020
GLD,2021
GLD,2022
GLD,2023
GLD,2024
GLD,2025
GLD,2026
GOVT,2017
GOVT,2018
GOVT,2019
GOVT,2020
GOVT,2021
GOVT,2022
GOVT,2023
GOVT,2024
GOVT,2025
GOVT,2026
GSG,2009
GSG,2010
GSG,2011
GSG,2012
GSG,2015
GSG,2019
GSG,2022
GSG,2023
GSG,2024
GSG,2026
HYG,2009
HYG,2010
HYG,2011
HYG,2012
HYG,2013
HYG,2014
HYG,2015
HYG,2016
HYG,2017
HYG,2018
HYG,2019
HYG,2020
HYG,2021
HYG,2022
HYG,2023
HYG,2024
HYG,2025
HYG,2026
IAU,2007
IAU,2008
IAU,2009
IAU,2010
IAU,2011
IAU,2012
IAU,2013
IAU,2014
IAU,2015
IAU,2016
IAU,2017
IAU,2018
IAU,2019
IAU,2020
IAU,2021
IAU,2022
IAU,2023
IAU,2024
IAU,2025
IAU,2026
IBB,2007
IBB,2008
IBB,2009
IBB,2010
IBB,2011
IBB,2012
IBB,2013
IBB,2014
IBB,2015
IBB,2016
IBB,2017
IBB,2018
IBB,2019
IBB,2020
IBB,2021
IBB,2022
IBB,2023
IBB,2024
IBB,2025
IBB,2026
IEF,2007
IEF,2008
IEF,2009
IEF,2010
IEF,2011
IEF,2012
IEF,2013
IEF,2014
IEF,2015
IEF,2016
IEF,2017
IEF,2018
IEF,2019
IEF,2020
IEF,2021
IEF,2022
IEF,2023
IEF,2024
IEF,2025
IEF,2026
IEFA,2015
IEFA,2016
IEFA,2017
IEFA,2018
IEFA,2019
IEFA,2020
IEFA,2021
IEFA,2022
IEFA,2023
IEFA,2024
IEFA,2025
IEFA,2026
IEMG,2014
IEMG,2015
IEMG,2016
IEMG,2017
IEMG,2018
IEMG,2019
IEMG,2020
IEMG,2021
IEMG,2022
IEMG,2023
IEMG,2024
IEMG,2025
IEMG,2026
IJR,2007
IJR,2008
IJR,2009
IJR,2010
IJR,2011
IJR,2012
IJR,2013
IJR,2014
IJR,2015
IJR,2016
IJR,2017
IJR,2018
IJR,2019
IJR,2020
IJR,2021
IJR,2022
IJR,2023
IJR,2024
IJR,2025
IJR,2026
INDA,2015
INDA,2016
INDA,2017
INDA,2018
INDA,2019
INDA,2020
INDA,2021
INDA,2022
INDA,2023
INDA,2024
INDA,2025
INDA,2026
ITA,2017
ITA,2018
ITA,2019
ITA,2020
ITA,2021
ITA,2022
ITA,2023
ITA,2024
ITA,2025
ITA,2026
ITB,2009
ITB,2013
ITB,2014
ITB,2015
ITB,2016
ITB,2017
ITB,2018
ITB,2019
ITB,2020
ITB,2021
ITB,2022
ITB,2023
ITB,2024
ITB,2025
ITB,2026
IVE,2007
IVE,2008
IVE,2009
IVE,2010
IVE,2011
IVE,2012
IVE,2013
IVE,2014
IVE,2015
IVE,2016
IVE,2017
IVE,2018
IVE,2019
IVE,2020
IVE,2021
IVE,2022
IVE,2023
IVE,2024
IVE,2025
IVE,2026
IVW,2007
IVW,2008
IVW,2009
IVW,2010
IVW,2011
IVW,2012
IVW,2013
IVW,2014
IVW,2015
IVW,2016
IVW,2017
IVW,2018
IVW,2019
IVW,2020
IVW,2021
IVW,2022
IVW,2023
IVW,2024
IVW,2025
IVW,2026
IWM,2007
IWM,2008
IWM,2009
IWM,2010
IWM,2011
IWM,2012
IWM,2013
IWM,2014
IWM,2015
IWM,2016
IWM,2017
IWM,2018
IWM,2019
IWM,2020
IWM,2021
IWM,2022
IWM,2023
IWM,2024
IWM,2025
IWM,2026
IYR,2007
IYR,2008
IYR,2009
IYR,2010
IYR,2011
IYR,2012
IYR,2013
IYR,2014
IYR,2015
IYR,2016
IYR,2017
IYR,2018
IYR,2019
IYR,2020
IYR,2021
IYR,2022
IYR,2023
IYR,2024
IYR,2025
IYR,2026
JNK,2010
JNK,2011
JNK,2012
JNK,2013
JNK,2014
JNK,2015
JNK,2016
JNK,2017
JNK,2018
JNK,2019
JNK,2020
JNK,2021
JNK,2022
JNK,2023
JNK,2024
JNK,2025
JNK,2026
KRE,2008
KRE,2009
KRE,2010
KRE,2011
KRE,2012
KRE,2013
KRE,2014
KRE,2015
KRE,2016
KRE,2017
KRE,2018
KRE,2019
KRE,2020
KRE,2021
KRE,2022
KRE,2023
KRE,2024
KRE,2025
KRE,2026
LQD,2007
LQD,2008
LQD,2009
LQD,2010
LQD,2011
LQD,2012
LQD,2013
LQD,2014
LQD,2015
LQD,2016
LQD,2017
LQD,2018
LQD,2019
LQD,2020
LQD,2021
LQD,2022
LQD,2023
LQD,2024
LQD,2025
LQD,2026
MCHI,2014
MCHI,2015
MCHI,2016
MCHI,2017
MCHI,2018
MCHI,2019
MCHI,2020
MCHI,2021
MCHI,2022
MCHI,2023
MCHI,2024
MCHI,2025
MCHI,2026
MDY,2007
MDY,2008
MDY,2009
MDY,2010
MDY,2011
MDY,2012
MDY,2013
MDY,2014
MDY,2015
MDY,2016
MDY,2017
MDY,2018
MDY,2019
MDY,2020
MDY,2021
MDY,2022
MDY,2023
MDY,2024
MDY,2025
MDY,2026
MTUM,2017
MTUM,2018
MTUM,2019
MTUM,2020
MTUM,2021
MTUM,2022
MTUM,2023
MTUM,2024
MTUM,2025
MTUM,2026
MUB,2011
MUB,2012
MUB,2013
MUB,2014
MUB,2015
MUB,2016
MUB,2017
MUB,2018
MUB,2019
MUB,2020
MUB,2021
MUB,2022
MUB,2023
MUB,2024
MUB,2025
MUB,2026
OIH,2007
OIH,2008
OIH,2009
OIH,2010
OIH,2011
OIH,2012
OIH,2013
OIH,2014
OIH,2015
OIH,2016
OIH,2017
OIH,2018
OIH,2019
OIH,2020
OIH,2021
OIH,2022
OIH,2023
OIH,2024
OIH,2025
OIH,2026
PPLT,2011
PPLT,2012
PPLT,2013
PPLT,2021
PPLT,2022
PPLT,2023
PPLT,2025
PPLT,2026
QQQ,2007
QQQ,2008
QQQ,2009
QQQ,2010
QQQ,2011
QQQ,2012
QQQ,2013
QQQ,2014
QQQ,2015
QQQ,2016
QQQ,2017
QQQ,2018
QQQ,2019
QQQ,2020
QQQ,2021
QQQ,2022
QQQ,2023
QQQ,2024
QQQ,2025
QQQ,2026
QUAL,2017
QUAL,2018
QUAL,2019
QUAL,2020
QUAL,2021
QUAL,2022
QUAL,2023
QUAL,2024
QUAL,2025
QUAL,2026
RSP,2007
RSP,2008
RSP,2009
RSP,2010
RSP,2011
RSP,2012
RSP,2013
RSP,2014
RSP,2015
RSP,2016
RSP,2017
RSP,2018
RSP,2019
RSP,2020
RSP,2021
RSP,2022
RSP,2023
RSP,2024
RSP,2025
RSP,2026
SCHD,2014
SCHD,2015
SCHD,2016
SCHD,2017
SCHD,2018
SCHD,2019
SCHD,2020
SCHD,2021
SCHD,2022
SCHD,2023
SCHD,2024
SCHD,2025
SCHD,2026
SDY,2011
SDY,2012
SDY,2013
SDY,2014
SDY,2015
SDY,2016
SDY,2017
SDY,2018
SDY,2019
SDY,2020
SDY,2021
SDY,2022
SDY,2023
SDY,2024
SDY,2025
SDY,2026
SHY,2007
SHY,2008
SHY,2009
SHY,2010
SHY,2011
SHY,2012
SHY,2013
SHY,2014
SHY,2015
SHY,2016
SHY,2017
SHY,2018
SHY,2019
SHY,2020
SHY,2021
SHY,2022
SHY,2023
SHY,2024
SHY,2025
SHY,2026
SLV,2008
SLV,2009
SLV,2010
SLV,2011
SLV,2012
SLV,2013
SLV,2014
SLV,2015
SLV,2016
SLV,2017
SLV,2018
SLV,2019
SLV,2020
SLV,2021
SLV,2022
SLV,2023
SLV,2024
SLV,2025
SLV,2026
SMH,2007
SMH,2008
SMH,2009
SMH,2010
SMH,2011
SMH,2012
SMH,2013
SMH,2014
SMH,2015
SMH,2016
SMH,2017
SMH,2018
SMH,2019
SMH,2020
SMH,2021
SMH,2022
SMH,2023
SMH,2024
SMH,2025
SMH,2026
SOXX,2007
SOXX,2008
SOXX,2009
SOXX,2012
SOXX,2013
SOXX,2014
SOXX,2015
SOXX,2016
SOXX,2017
SOXX,2018
SOXX,2019
SOXX,2020
SOXX,2021
SOXX,2022
SOXX,2023
SOXX,2024
SOXX,2025
SOXX,2026
SPY,2007
SPY,2008
SPY,2009
SPY,2010
SPY,2011
SPY,2012
SPY,2013
SPY,2014
SPY,2015
SPY,2016
SPY,2017
SPY,2018
SPY,2019
SPY,2020
SPY,2021
SPY,2022
SPY,2023
SPY,2024
SPY,2025
SPY,2026
THD,2011
THD,2012
THD,2013
THD,2014
THD,2015
THD,2016
THD,2017
THD,2018
THD,2019
THD,2020
THD,2021
TIP,2007
TIP,2008
TIP,2009
TIP,2010
TIP,2011
TIP,2012
TIP,2013
TIP,2014
TIP,2015
TIP,2016
TIP,2017
TIP,2018
TIP,2019
TIP,2020
TIP,2021
TIP,2022
TIP,2023
TIP,2024
TIP,2025
TIP,2026
TLT,2007
TLT,2008
TLT,2009
TLT,2010
TLT,2011
TLT,2012
TLT,2013
TLT,2014
TLT,2015
TLT,2016
TLT,2017
TLT,2018
TLT,2019
TLT,2020
TLT,2021
TLT,2022
TLT,2023
TLT,2024
TLT,2025
TLT,2026
UNG,2009
UNG,2010
UNG,2011
UNG,2012
UNG,2013
UNG,2014
UNG,2015
UNG,2016
UNG,2017
UNG,2018
UNG,2019
UNG,2020
UNG,2021
UNG,2022
UNG,2023
UNG,2024
UNG,2025
UNG,2026
USMV,2014
USMV,2015
USMV,2016
USMV,2017
USMV,2018
USMV,2019
USMV,2020
USMV,2021
USMV,2022
USMV,2023
USMV,2024
USMV,2025
USMV,2026
USO,2008
USO,2009
USO,2010
USO,2011
USO,2012
USO,2013
USO,2014
USO,2015
USO,2016
USO,2017
USO,2018
USO,2019
USO,2020
USO,2021
USO,2022
USO,2023
USO,2024
USO,2025
USO,2026
UUP,2009
UUP,2010
UUP,2011
UUP,2012
UUP,2013
UUP,2014
UUP,2015
UUP,2016
UUP,2017
UUP,2018
UUP,2019
UUP,2020
UUP,2021
UUP,2022
UUP,2023
UUP,2024
UUP,2025
UUP,2026
VCSH,2012
VCSH,2013
VCSH,2014
VCSH,2015
VCSH,2016
VCSH,2017
VCSH,2018
VCSH,2019
VCSH,2020
VCSH,2021
VCSH,2022
VCSH,2023
VCSH,2024
VCSH,2025
VCSH,2026
VEA,2009
VEA,2010
VEA,2011
VEA,2012
VEA,2013
VEA,2014
VEA,2015
VEA,2016
VEA,2017
VEA,2018
VEA,2019
VEA,2020
VEA,2021
VEA,2022
VEA,2023
VEA,2024
VEA,2025
VEA,2026
VGK,2008
VGK,2009
VGK,2010
VGK,2011
VGK,2012
VGK,2013
VGK,2014
VGK,2015
VGK,2016
VGK,2017
VGK,2018
VGK,2019
VGK,2020
VGK,2021
VGK,2022
VGK,2023
VGK,2024
VGK,2025
VGK,2026
VIG,2010
VIG,2011
VIG,2012
VIG,2013
VIG,2014
VIG,2015
VIG,2016
VIG,2017
VIG,2018
VIG,2019
VIG,2020
VIG,2021
VIG,2022
VIG,2023
VIG,2024
VIG,2025
VIG,2026
VLUE,2018
VLUE,2019
VLUE,2020
VLUE,2021
VLUE,2022
VLUE,2023
VLUE,2024
VLUE,2025
VLUE,2026
VNQ,2008
VNQ,2009
VNQ,2010
VNQ,2011
VNQ,2012
VNQ,2013
VNQ,2014
VNQ,2015
VNQ,2016
VNQ,2017
VNQ,2018
VNQ,2019
VNQ,2020
VNQ,2021
VNQ,2022
VNQ,2023
VNQ,2024
VNQ,2025
VNQ,2026
VTI,2007
VTI,2008
VTI,2009
VTI,2010
VTI,2011
VTI,2012
VTI,2013
VTI,2014
VTI,2015
VTI,2016
VTI,2017
VTI,2018
VTI,2019
VTI,2020
VTI,2021
VTI,2022
VTI,2023
VTI,2024
VTI,2025
VTI,2026
VTV,2008
VTV,2009
VTV,2010
VTV,2011
VTV,2012
VTV,2013
VTV,2014
VTV,2015
VTV,2016
VTV,2017
VTV,2018
VTV,2019
VTV,2020
VTV,2021
VTV,2022
VTV,2023
VTV,2024
VTV,2025
VTV,2026
VUG,2008
VUG,2009
VUG,2010
VUG,2011
VUG,2012
VUG,2013
VUG,2014
VUG,2015
VUG,2016
VUG,2017
VUG,2018
VUG,2019
VUG,2020
VUG,2021
VUG,2022
VUG,2023
VUG,2024
VUG,2025
VUG,2026
VWO,2007
VWO,2008
VWO,2009
VWO,2010
VWO,2011
VWO,2012
VWO,2013
VWO,2014
VWO,2015
VWO,2016
VWO,2017
VWO,2018
VWO,2019
VWO,2020
VWO,2021
VWO,2022
VWO,2023
VWO,2024
VWO,2025
VWO,2026
XBI,2009
XBI,2010
XBI,2011
XBI,2012
XBI,2013
XBI,2014
XBI,2015
XBI,2016
XBI,2017
XBI,2018
XBI,2019
XBI,2020
XBI,2021
XBI,2022
XBI,2023
XBI,2024
XBI,2025
XBI,2026
XLB,2007
XLB,2008
XLB,2009
XLB,2010
XLB,2011
XLB,2012
XLB,2013
XLB,2014
XLB,2015
XLB,2016
XLB,2017
XLB,2018
XLB,2019
XLB,2020
XLB,2021
XLB,2022
XLB,2023
XLB,2024
XLB,2025
XLB,2026
XLC,2020
XLC,2021
XLC,2022
XLC,2023
XLC,2024
XLC,2025
XLC,2026
XLE,2007
XLE,2008
XLE,2009
XLE,2010
XLE,2011
XLE,2012
XLE,2013
XLE,2014
XLE,2015
XLE,2016
XLE,2017
XLE,2018
XLE,2019
XLE,2020
XLE,2021
XLE,2022
XLE,2023
XLE,2024
XLE,2025
XLE,2026
XLF,2007
XLF,2008
XLF,2009
XLF,2010
XLF,2011
XLF,2012
XLF,2013
XLF,2014
XLF,2015
XLF,2016
XLF,2017
XLF,2018
XLF,2019
XLF,2020
XLF,2021
XLF,2022
XLF,2023
XLF,2024
XLF,2025
XLF,2026
XLI,2007
XLI,2008
XLI,2009
XLI,2010
XLI,2011
XLI,2012
XLI,2013
XLI,2014
XLI,2015
XLI,2016
XLI,2017
XLI,2018
XLI,2019
XLI,2020
XLI,2021
XLI,2022
XLI,2023
XLI,2024
XLI,2025
XLI,2026
XLK,2007
XLK,2008
XLK,2009
XLK,2010
XLK,2011
XLK,2012
XLK,2013
XLK,2014
XLK,2015
XLK,2016
XLK,2017
XLK,2018
XLK,2019
XLK,2020
XLK,2021
XLK,2022
XLK,2023
XLK,2024
XLK,2025
XLK,2026
XLP,2007
XLP,2008
XLP,2009
XLP,2010
XLP,2011
XLP,2012
XLP,2013
XLP,2014
XLP,2015
XLP,2016
XLP,2017
XLP,2018
XLP,2019
XLP,2020
XLP,2021
XLP,2022
XLP,2023
XLP,2024
XLP,2025
XLP,2026
XLRE,2017
XLRE,2018
XLRE,2019
XLRE,2020
XLRE,2021
XLRE,2022
XLRE,2023
XLRE,2024
XLRE,2025
XLRE,2026
XLU,2007
XLU,2008
XLU,2009
XLU,2010
XLU,2011
XLU,2012
XLU,2013
XLU,2014
XLU,2015
XLU,2016
XLU,2017
XLU,2018
XLU,2019
XLU,2020
XLU,2021
XLU,2022
XLU,2023
XLU,2024
XLU,2025
XLU,2026
XLV,2007
XLV,2008
XLV,2009
XLV,2010
XLV,2011
XLV,2012
XLV,2013
XLV,2014
XLV,2015
XLV,2016
XLV,2017
XLV,2018
XLV,2019
XLV,2020
XLV,2021
XLV,2022
XLV,2023
XLV,2024
XLV,2025
XLV,2026
XLY,2007
XLY,2008
XLY,2009
XLY,2010
XLY,2011
XLY,2012
XLY,2013
XLY,2014
XLY,2015
XLY,2016
XLY,2017
XLY,2018
XLY,2019
XLY,2020
XLY,2021
XLY,2022
XLY,2023
XLY,2024
XLY,2025
XLY,2026
XME,2008
XME,2009
XME,2010
XME,2011
XME,2012
XME,2013
XME,2014
XME,2015
XME,2016
XME,2017
XME,2018
XME,2019
XME,2020
XME,2021
XME,2022
XME,2023
XME,2024
XME,2025
XME,2026
XRT,2008
XRT,2009
XRT,2010
XRT,2011
XRT,2012
XRT,2013
XRT,2014
XRT,2015
XRT,2016
XRT,2017
XRT,2018
XRT,2019
XRT,2020
XRT,2021
XRT,2022
XRT,2023
XRT,2024
XRT,2025
XRT,2026
